{
  "runge": {
    "figure": "results\\phenomene_runge.png",
    "max_errors": {
      "eq_n_5": 0.8307353964943279,
      "ch_n_5": 0.8478718208456764,
      "eq_n_10": 0.8635526802326912,
      "ch_n_10": 0.9240677903500715,
      "eq_n_15": 47.58874675690895,
      "ch_n_15": 0.5889871434869558,
      "eq_n_20": 27.47695502848412,
      "ch_n_20": 0.7468403345498545
    }
  },
  "cooling": {
    "temperature_at_targets": {
      "t_2.5": 66.34743118286141,
      "t_7.3": 44.117059775136255
    },
    "total_heat_loss": {
      "rectangle": 18459.480060987924,
      "trapezoidal": 18334.4800609883,
      "simpson": 18330.783789471458,
      "adaptive": 18330.737099859212,
      "gauss2": 18389.797316520373,
      "gauss3": 19037.133487675965
    },
    "k_opt": 0.14403062931351884,
    "figures": [
      "results\\comparaison_interpolations_refroidissement.png",
      "results\\analyse_refroidissement.png"
    ]
  },
  "flow": {
    "total_flow_rate": {
      "rectangle": 26.829907522413208,
      "trapezoidal": 26.97840752241574,
      "simpson": 26.97601260393934,
      "adaptive": 26.975974302724307,
      "gauss2": 27.466753379164565,
      "gauss3": 27.25092696232099
    },
    "acceleration_at_3.0": 5.952853938801684,
    "work_mass_2.0": 20.25000068835449,
    "figure": "results\\analyse_ecoulement.png"
  },
  "convergence": {
    "exact_integral": 1.718281828459045,
    "n_values": [
      2,
      4,
      8,
      16,
      32,
      64,
      128,
      256
    ],
    "errors": {
      "rectangle": [
        0.393921193108981,
        0.2058451524589091,
        0.10515585057343357,
        0.053137007018395854,
        0.026708321712390237,
        0.013389118393788202,
        0.006703298767984922,
        0.0033538342884336103
      ],
      "trapezoidal": [
        0.03564926400578017,
        0.008940076098471472,
        0.002236763705256717,
        0.000559300120949402,
        0.00013983185728227987,
        3.495839104816767e-05,
        8.739624433262705e-06,
        2.184907775371059e-06
      ],
      "simpson": [
        0.0005793234175477391,
        3.7013462701906974e-05,
        2.326240851502348e-06,
        1.455928468896417e-07,
        9.102726350462831e-09,
        5.689702042843692e-10,
        3.556155370176839e-11,
        2.2226664952995634e-12
      ]
    },
    "figure": "results\\convergence_integration.png"
  }
}